v_net_count,success_count,inservice_count,total_revenue,total_cost,total_time_revenue,total_time_cost,long_term_r2c_ratio,long_term_time_r2c_ratio,num_running_p_net_nodes,event_id,event_type,event_time,p_net_available_resource,p_net_node_available_resource,p_net_link_available_resource,p_net_node_resource_utilization,p_net_link_resource_utilization,v_net_id,v_net_lifetime,v_net_arrival_time,v_net_num_nodes,v_net_num_egdes,result,node_slots,link_paths,node_slots_info,link_paths_info,v_net_cost,v_net_revenue,v_net_demand,v_net_node_demand,v_net_link_demand,v_net_node_revenue,v_net_link_revenue,v_net_node_cost,v_net_link_cost,v_net_path_cost,v_net_r2c_ratio,v_net_time_cost,v_net_time_revenue,v_net_time_rc_ratio,description,v_net_total_hard_constraint_violation,v_net_single_step_constraint_offset,v_net_constraint_offsets,v_net_constraint_violations,v_net_single_step_violation_list,v_net_single_step_hard_constraint_offset,v_net_max_single_step_hard_constraint_violation,place_result,route_result,early_rejection,revoke_times,selected_actions,num_placed_nodes,num_routed_links
1,0,0,0.0,0.0,0.0,0.0,0.0,0.0,0,0,1,18.0,3265,1516,1749,0.0,0.0,0,904.1846159970765,18.0,7,8,False,"{3: 9, 5: 10, 2: 6, 4: 16, 1: 14, 6: 18, 0: 13}","{(0, 3): [(13, 9)], (0, 4): [(13, 9), (9, 18), (18, 8), (8, 19), (19, 10), (10, 15), (15, 16)], (0, 6): [(13, 9), (9, 18)], (1, 3): [(14, 18), (18, 9)], (1, 4): [(14, 18), (18, 8), (8, 19), (19, 10), (10, 15), (15, 16)], (2, 4): [(6, 3), (3, 16)], (3, 4): []}","{(3, 9): {'cpu': 11}, (5, 10): {'cpu': 11}, (2, 6): {'cpu': 10}, (4, 16): {'cpu': 8}, (1, 14): {'cpu': 4}, (6, 18): {'cpu': 2}, (0, 13): {'cpu': 1}}","{((0, 3), (13, 9)): {'bw': 16}, ((0, 4), (13, 9)): {'bw': 32}, ((0, 4), (9, 18)): {'bw': 32}, ((0, 4), (18, 8)): {'bw': 32}, ((0, 4), (8, 19)): {'bw': 32}, ((0, 4), (19, 10)): {'bw': 32}, ((0, 4), (10, 15)): {'bw': 32}, ((0, 4), (15, 16)): {'bw': 32}, ((0, 6), (13, 9)): {'bw': 0}, ((0, 6), (9, 18)): {'bw': 0}, ((1, 3), (14, 18)): {'bw': 38}, ((1, 3), (18, 9)): {'bw': 38}, ((1, 4), (14, 18)): {'bw': 19}, ((1, 4), (18, 8)): {'bw': 19}, ((1, 4), (8, 19)): {'bw': 19}, ((1, 4), (19, 10)): {'bw': 19}, ((1, 4), (10, 15)): {'bw': 19}, ((1, 4), (15, 16)): {'bw': 19}, ((2, 4), (6, 3)): {'bw': 46}, ((2, 4), (3, 16)): {'bw': 46}}",0.0,0.0,94.0,47.0,233.0,0.0,0.0,0.0,0.0,0.0,0.0,0.0,0.0,0.0,Route Failure,83.0,"{'node_level': {}, 'link_level': {}, 'path_level': {}}","{'node_level': {3: {'cpu': -89}, 5: {'cpu': -89}, 2: {'cpu': -87}, 4: {'cpu': -83}, 1: {'cpu': -85}, 6: {'cpu': -86}, 0: {'cpu': -83}}, 'link_level': {(0, 3): {'bw': -84}, (0, 4): {'bw': -20}, (0, 6): {'bw': -52}, (1, 3): {'bw': -22}, (1, 4): {'bw': -1}, (2, 4): {'bw': -17}, (3, 4): {'bw': 32}}, 'path_level': {(0, 3): {}, (0, 4): {}, (0, 6): {}, (1, 3): {}, (1, 4): {}, (2, 4): {}, (3, 4): {}}}","{'node_level': {3: {'cpu': 0}, 5: {'cpu': 0}, 2: {'cpu': 0}, 4: {'cpu': 0}, 1: {'cpu': 0}, 6: {'cpu': 0}, 0: {'cpu': 0}}, 'link_level': {(0, 3): {'bw': 0}, (0, 4): {'bw': 0}, (0, 6): {'bw': 0}, (1, 3): {'bw': 0}, (1, 4): {'bw': 0}, (2, 4): {'bw': 0}, (3, 4): {'bw': 83}}, 'path_level': {(0, 3): {}, (0, 4): {}, (0, 6): {}, (1, 3): {}, (1, 4): {}, (2, 4): {}, (3, 4): {}}}",[],-inf,-inf,True,False,False,0,[],7.0,7.0
2,1,1,18.0,27.0,3704.201949701069,5556.302924551604,0.6666666666666666,0.6666666666666667,2,1,1,37.0,3238,1501,1737,0.00989445910290232,0.006861063464837058,1,205.78899720561495,37.0,2,1,True,"{0: 9, 1: 10}","{(0, 1): [(9, 18), (18, 8), (8, 19), (19, 10)]}","{(0, 9): {'cpu': 13}, (1, 10): {'cpu': 2}}","{((0, 1), (9, 18)): {'bw': 3}, ((0, 1), (18, 8)): {'bw': 3}, ((0, 1), (8, 19)): {'bw': 3}, ((0, 1), (19, 10)): {'bw': 3}}",27.0,18.0,30.0,15.0,3.0,15.0,3.0,15.0,12.0,9.0,0.6666666666666666,5556.302924551604,3704.201949701069,137.1926648037433,Success,0.0,"{'node_level': {}, 'link_level': {}, 'path_level': {}}","{'node_level': {0: {'cpu': -87}, 1: {'cpu': -98}}, 'link_level': {(0, 1): {'bw': -58}}, 'path_level': {(0, 1): {}}}","{'node_level': {0: {'cpu': 0}, 1: {'cpu': 0}}, 'link_level': {(0, 1): {'bw': 0}}, 'path_level': {(0, 1): {}}}",[],-inf,-inf,True,True,False,0,[],2.0,1.0
3,1,1,18.0,27.0,3704.201949701069,5556.302924551604,0.6666666666666666,0.6666666666666667,2,2,1,60.0,3238,1501,1737,0.00989445910290232,0.006861063464837058,2,522.3062477503878,60.0,5,6,False,"{3: 10, 2: 6, 1: 16, 4: 14, 0: 18}","{(0, 1): [(18, 8), (8, 19), (19, 10), (10, 15), (15, 16)], (0, 3): [(18, 8), (8, 19), (19, 10)], (1, 3): [(16, 15), (15, 10)], (1, 4): [(16, 15), (15, 10), (10, 19), (19, 8), (8, 18), (18, 14)], (2, 4): []}","{(3, 10): {'cpu': 16}, (2, 6): {'cpu': 13}, (1, 16): {'cpu': 11}, (4, 14): {'cpu': 8}, (0, 18): {'cpu': 2}}","{((0, 1), (18, 8)): {'bw': 8}, ((0, 1), (8, 19)): {'bw': 8}, ((0, 1), (19, 10)): {'bw': 8}, ((0, 1), (10, 15)): {'bw': 8}, ((0, 1), (15, 16)): {'bw': 8}, ((0, 3), (18, 8)): {'bw': 19}, ((0, 3), (8, 19)): {'bw': 19}, ((0, 3), (19, 10)): {'bw': 19}, ((1, 3), (16, 15)): {'bw': 31}, ((1, 3), (15, 10)): {'bw': 31}, ((1, 4), (16, 15)): {'bw': 8}, ((1, 4), (15, 10)): {'bw': 8}, ((1, 4), (10, 19)): {'bw': 8}, ((1, 4), (19, 8)): {'bw': 8}, ((1, 4), (8, 18)): {'bw': 8}, ((1, 4), (18, 14)): {'bw': 8}}",0.0,0.0,100.0,50.0,94.0,0.0,0.0,0.0,0.0,0.0,0.0,0.0,0.0,0.0,Route Failure,24.0,"{'node_level': {}, 'link_level': {}, 'path_level': {}}","{'node_level': {3: {'cpu': -82}, 2: {'cpu': -84}, 1: {'cpu': -80}, 4: {'cpu': -81}, 0: {'cpu': -86}}, 'link_level': {(0, 1): {'bw': -44}, (0, 3): {'bw': -31}, (1, 3): {'bw': -13}, (1, 4): {'bw': -5}, (2, 4): {'bw': 21}}, 'path_level': {(0, 1): {}, (0, 3): {}, (1, 3): {}, (1, 4): {}, (2, 4): {}}}","{'node_level': {3: {'cpu': 0}, 2: {'cpu': 0}, 1: {'cpu': 0}, 4: {'cpu': 0}, 0: {'cpu': 0}}, 'link_level': {(0, 1): {'bw': 0}, (0, 3): {'bw': 0}, (1, 3): {'bw': 0}, (1, 4): {'bw': 0}, (2, 4): {'bw': 24}}, 'path_level': {(0, 1): {}, (0, 3): {}, (1, 3): {}, (1, 4): {}, (2, 4): {}}}",[],-inf,-inf,True,False,False,0,[],5.0,5.0
4,2,2,152.0,270.0,34473.8274086226,61354.9520776705,0.562962962962963,0.561875223453544,6,3,1,84.0,2995,1452,1543,0.04221635883905017,0.11778158947970274,3,229.62407058896667,84.0,5,5,True,"{0: 10, 3: 6, 2: 16, 1: 14, 4: 18}","{(0, 2): [(10, 15), (15, 16)], (0, 4): [(10, 19), (19, 8), (8, 18)], (1, 4): [(14, 18)], (2, 3): [(16, 3), (3, 6)], (2, 4): [(16, 15), (15, 10), (10, 19), (19, 8), (8, 18)]}","{(0, 10): {'cpu': 20}, (3, 6): {'cpu': 14}, (2, 16): {'cpu': 12}, (1, 14): {'cpu': 3}, (4, 18): {'cpu': 0}}","{((0, 2), (10, 15)): {'bw': 4}, ((0, 2), (15, 16)): {'bw': 4}, ((0, 4), (10, 19)): {'bw': 3}, ((0, 4), (19, 8)): {'bw': 3}, ((0, 4), (8, 18)): {'bw': 3}, ((1, 4), (14, 18)): {'bw': 45}, ((2, 3), (16, 3)): {'bw': 11}, ((2, 3), (3, 6)): {'bw': 11}, ((2, 4), (16, 15)): {'bw': 22}, ((2, 4), (15, 10)): {'bw': 22}, ((2, 4), (10, 19)): {'bw': 22}, ((2, 4), (19, 8)): {'bw': 22}, ((2, 4), (8, 18)): {'bw': 22}}",243.0,134.0,98.0,49.0,85.0,49.0,85.0,49.0,194.0,109.0,0.551440329218107,55798.6491531189,30769.625458921535,126.62397308198163,Success,0.0,"{'node_level': {}, 'link_level': {}, 'path_level': {}}","{'node_level': {0: {'cpu': -78}, 3: {'cpu': -83}, 2: {'cpu': -79}, 1: {'cpu': -86}, 4: {'cpu': -88}}, 'link_level': {(0, 2): {'bw': -48}, (0, 4): {'bw': -55}, (1, 4): {'bw': -30}, (2, 3): {'bw': -52}, (2, 4): {'bw': -26}}, 'path_level': {(0, 2): {}, (0, 4): {}, (1, 4): {}, (2, 3): {}, (2, 4): {}}}","{'node_level': {0: {'cpu': 0}, 3: {'cpu': 0}, 2: {'cpu': 0}, 1: {'cpu': 0}, 4: {'cpu': 0}}, 'link_level': {(0, 2): {'bw': 0}, (0, 4): {'bw': 0}, (1, 4): {'bw': 0}, (2, 3): {'bw': 0}, (2, 4): {'bw': 0}}, 'path_level': {(0, 2): {}, (0, 4): {}, (1, 4): {}, (2, 3): {}, (2, 4): {}}}",[],-inf,-inf,True,True,False,0,[],5.0,5.0
5,2,2,152.0,270.0,34473.8274086226,61354.9520776705,0.562962962962963,0.561875223453544,6,4,1,117.0,2995,1452,1543,0.04221635883905017,0.11778158947970274,4,1575.085018411753,117.0,9,10,False,"{6: 18, 3: 9, 5: 14, 4: 13, 0: 3, 1: 6, 2: 16, 8: 10, 7: 12}","{(0, 2): [(3, 16)], (1, 4): []}","{(6, 18): {'cpu': 19}, (3, 9): {'cpu': 16}, (5, 14): {'cpu': 16}, (4, 13): {'cpu': 14}, (0, 3): {'cpu': 13}, (1, 6): {'cpu': 13}, (2, 16): {'cpu': 11}, (8, 10): {'cpu': 8}, (7, 12): {'cpu': 1}}","{((0, 2), (3, 16)): {'bw': 32}}",0.0,0.0,222.0,111.0,226.0,0.0,0.0,0.0,0.0,0.0,0.0,0.0,0.0,0.0,Route Failure,29.0,"{'node_level': {}, 'link_level': {}, 'path_level': {}}","{'node_level': {6: {'cpu': -69}, 3: {'cpu': -71}, 5: {'cpu': -70}, 4: {'cpu': -70}, 0: {'cpu': -70}, 1: {'cpu': -70}, 2: {'cpu': -68}, 8: {'cpu': -70}, 7: {'cpu': -76}}, 'link_level': {(0, 2): {'bw': -20}, (1, 4): {'bw': 16}}, 'path_level': {(0, 2): {}, (1, 4): {}}}","{'node_level': {6: {'cpu': 0}, 3: {'cpu': 0}, 5: {'cpu': 0}, 4: {'cpu': 0}, 0: {'cpu': 0}, 1: {'cpu': 0}, 2: {'cpu': 0}, 8: {'cpu': 0}, 7: {'cpu': 0}}, 'link_level': {(0, 2): {'bw': 0}, (1, 4): {'bw': 29}}, 'path_level': {(0, 2): {}, (1, 4): {}}}",[],-inf,-inf,True,False,False,0,[],9.0,2.0
6,2,2,152.0,270.0,34473.8274086226,61354.9520776705,0.562962962962963,0.561875223453544,6,5,1,136.0,2995,1452,1543,0.04221635883905017,0.11778158947970274,5,75.61542857136058,136.0,5,6,False,"{0: 18, 2: 9, 3: 14, 1: 13, 4: 3}","{(0, 2): [(18, 9)], (0, 4): [(18, 8), (8, 19), (19, 7), (7, 6), (6, 3)], (1, 2): [(13, 9)], (1, 4): []}","{(0, 18): {'cpu': 18}, (2, 9): {'cpu': 15}, (3, 14): {'cpu': 11}, (1, 13): {'cpu': 8}, (4, 3): {'cpu': 6}}","{((0, 2), (18, 9)): {'bw': 47}, ((0, 4), (18, 8)): {'bw': 29}, ((0, 4), (8, 19)): {'bw': 29}, ((0, 4), (19, 7)): {'bw': 29}, ((0, 4), (7, 6)): {'bw': 29}, ((0, 4), (6, 3)): {'bw': 29}, ((1, 2), (13, 9)): {'bw': 1}}",0.0,0.0,116.0,58.0,176.0,0.0,0.0,0.0,0.0,0.0,0.0,0.0,0.0,0.0,Route Failure,32.0,"{'node_level': {}, 'link_level': {}, 'path_level': {}}","{'node_level': {0: {'cpu': -70}, 2: {'cpu': -72}, 3: {'cpu': -75}, 1: {'cpu': -76}, 4: {'cpu': -77}}, 'link_level': {(0, 2): {'bw': -42}, (0, 4): {'bw': -4}, (1, 2): {'bw': -99}, (1, 4): {'bw': 27}}, 'path_level': {(0, 2): {}, (0, 4): {}, (1, 2): {}, (1, 4): {}}}","{'node_level': {0: {'cpu': 0}, 2: {'cpu': 0}, 3: {'cpu': 0}, 1: {'cpu': 0}, 4: {'cpu': 0}}, 'link_level': {(0, 2): {'bw': 0}, (0, 4): {'bw': 0}, (1, 2): {'bw': 0}, (1, 4): {'bw': 32}}, 'path_level': {(0, 2): {}, (0, 4): {}, (1, 2): {}, (1, 4): {}}}",[],-inf,-inf,True,False,False,0,[],5.0,4.0
7,2,2,152.0,270.0,34473.8274086226,61354.9520776705,0.562962962962963,0.561875223453544,6,6,1,165.0,2995,1452,1543,0.04221635883905017,0.11778158947970274,6,1020.4461360180615,165.0,7,9,False,"{1: 18, 2: 9, 5: 14, 4: 13, 6: 3, 0: 6, 3: 16}","{(0, 2): []}","{(1, 18): {'cpu': 18}, (2, 9): {'cpu': 15}, (5, 14): {'cpu': 12}, (4, 13): {'cpu': 10}, (6, 3): {'cpu': 6}, (0, 6): {'cpu': 3}, (3, 16): {'cpu': 3}}",{},0.0,0.0,134.0,67.0,231.0,0.0,0.0,0.0,0.0,0.0,0.0,0.0,0.0,0.0,Route Failure,11.0,"{'node_level': {}, 'link_level': {}, 'path_level': {}}","{'node_level': {1: {'cpu': -70}, 2: {'cpu': -72}, 5: {'cpu': -74}, 4: {'cpu': -74}, 6: {'cpu': -77}, 0: {'cpu': -80}, 3: {'cpu': -76}}, 'link_level': {(0, 2): {'bw': 9}}, 'path_level': {(0, 2): {}}}","{'node_level': {1: {'cpu': 0}, 2: {'cpu': 0}, 5: {'cpu': 0}, 4: {'cpu': 0}, 6: {'cpu': 0}, 0: {'cpu': 0}, 3: {'cpu': 0}}, 'link_level': {(0, 2): {'bw': 11}}, 'path_level': {(0, 2): {}}}",[],-inf,-inf,True,False,False,0,[],7.0,1.0
8,2,2,152.0,270.0,34473.8274086226,61354.9520776705,0.562962962962963,0.561875223453544,6,7,1,187.0,2995,1452,1543,0.04221635883905017,0.11778158947970274,7,320.8545913312513,187.0,4,5,False,"{3: 18, 1: 9, 0: 14, 2: 13}","{(0, 1): []}","{(3, 18): {'cpu': 15}, (1, 9): {'cpu': 11}, (0, 14): {'cpu': 10}, (2, 13): {'cpu': 5}}",{},0.0,0.0,82.0,41.0,113.0,0.0,0.0,0.0,0.0,0.0,0.0,0.0,0.0,0.0,Route Failure,10.0,"{'node_level': {}, 'link_level': {}, 'path_level': {}}","{'node_level': {3: {'cpu': -73}, 1: {'cpu': -76}, 0: {'cpu': -76}, 2: {'cpu': -79}}, 'link_level': {(0, 1): {'bw': 10}}, 'path_level': {(0, 1): {}}}","{'node_level': {3: {'cpu': 0}, 1: {'cpu': 0}, 0: {'cpu': 0}, 2: {'cpu': 0}}, 'link_level': {(0, 1): {'bw': 10}}, 'path_level': {(0, 1): {}}}",[],-inf,-inf,True,False,False,0,[],4.0,1.0
8,2,2,152.0,270.0,34473.8274086226,61354.9520776705,0.562962962962963,0.561875223453544,6,8,0,211.61542857136058,2995,1452,1543,0.04221635883905017,0.11778158947970274,5,75.61542857136058,136.0,5,6,False,{},{},{},{},0.0,0.0,0.0,0.0,0.0,0.0,0.0,0.0,0.0,0.0,0.0,0.0,0.0,0.0,Leave Event,0.0,"{'node_level': {}, 'link_level': {}, 'path_level': {}}","{'node_level': {}, 'link_level': {}, 'path_level': {}}","{'node_level': {}, 'link_level': {}, 'path_level': {}}",[],-inf,-inf,True,True,False,0,[],,
9,2,2,152.0,270.0,34473.8274086226,61354.9520776705,0.562962962962963,0.561875223453544,6,9,1,214.0,2995,1452,1543,0.04221635883905017,0.11778158947970274,8,807.0010361407591,214.0,6,8,False,"{2: 18, 0: 9, 1: 14, 5: 13, 3: 3, 4: 6}","{(0, 1): [(9, 18), (18, 14)], (0, 2): [(9, 18)], (0, 4): []}","{(2, 18): {'cpu': 20}, (0, 9): {'cpu': 19}, (1, 14): {'cpu': 14}, (5, 13): {'cpu': 7}, (3, 3): {'cpu': 3}, (4, 6): {'cpu': 3}}","{((0, 1), (9, 18)): {'bw': 9}, ((0, 1), (18, 14)): {'bw': 9}, ((0, 2), (9, 18)): {'bw': 9}}",0.0,0.0,132.0,66.0,207.0,0.0,0.0,0.0,0.0,0.0,0.0,0.0,0.0,0.0,Route Failure,23.0,"{'node_level': {}, 'link_level': {}, 'path_level': {}}","{'node_level': {2: {'cpu': -68}, 0: {'cpu': -68}, 1: {'cpu': -72}, 5: {'cpu': -77}, 3: {'cpu': -80}, 4: {'cpu': -80}}, 'link_level': {(0, 1): {'bw': -21}, (0, 2): {'bw': -71}, (0, 4): {'bw': 15}}, 'path_level': {(0, 1): {}, (0, 2): {}, (0, 4): {}}}","{'node_level': {2: {'cpu': 0}, 0: {'cpu': 0}, 1: {'cpu': 0}, 5: {'cpu': 0}, 3: {'cpu': 0}, 4: {'cpu': 0}}, 'link_level': {(0, 1): {'bw': 0}, (0, 2): {'bw': 0}, (0, 4): {'bw': 23}}, 'path_level': {(0, 1): {}, (0, 2): {}, (0, 4): {}}}",[],-inf,-inf,True,False,False,0,[],6.0,3.0
10,2,2,152.0,270.0,34473.8274086226,61354.9520776705,0.562962962962963,0.561875223453544,6,10,1,238.0,2995,1452,1543,0.04221635883905017,0.11778158947970274,9,367.4822096182083,238.0,9,22,False,"{4: 18, 0: 9, 8: 14, 3: 13, 2: 3, 5: 6, 6: 16, 1: 10, 7: 12}","{(0, 3): [(9, 13)], (0, 4): [(9, 18)], (0, 6): [(9, 18), (18, 8), (8, 19), (19, 10), (10, 15), (15, 16)], (0, 7): []}","{(4, 18): {'cpu': 13}, (0, 9): {'cpu': 12}, (8, 14): {'cpu': 12}, (3, 13): {'cpu': 10}, (2, 3): {'cpu': 9}, (5, 6): {'cpu': 7}, (6, 16): {'cpu': 7}, (1, 10): {'cpu': 3}, (7, 12): {'cpu': 1}}","{((0, 3), (9, 13)): {'bw': 34}, ((0, 4), (9, 18)): {'bw': 34}, ((0, 6), (9, 18)): {'bw': 24}, ((0, 6), (18, 8)): {'bw': 24}, ((0, 6), (8, 19)): {'bw': 24}, ((0, 6), (19, 10)): {'bw': 24}, ((0, 6), (10, 15)): {'bw': 24}, ((0, 6), (15, 16)): {'bw': 24}}",0.0,0.0,148.0,74.0,557.0,0.0,0.0,0.0,0.0,0.0,0.0,0.0,0.0,0.0,Route Failure,44.0,"{'node_level': {}, 'link_level': {}, 'path_level': {}}","{'node_level': {4: {'cpu': -75}, 0: {'cpu': -75}, 8: {'cpu': -74}, 3: {'cpu': -74}, 2: {'cpu': -74}, 5: {'cpu': -76}, 6: {'cpu': -72}, 1: {'cpu': -75}, 7: {'cpu': -76}}, 'link_level': {(0, 3): {'bw': -66}, (0, 4): {'bw': -55}, (0, 6): {'bw': -2}, (0, 7): {'bw': 24}}, 'path_level': {(0, 3): {}, (0, 4): {}, (0, 6): {}, (0, 7): {}}}","{'node_level': {4: {'cpu': 0}, 0: {'cpu': 0}, 8: {'cpu': 0}, 3: {'cpu': 0}, 2: {'cpu': 0}, 5: {'cpu': 0}, 6: {'cpu': 0}, 1: {'cpu': 0}, 7: {'cpu': 0}}, 'link_level': {(0, 3): {'bw': 0}, (0, 4): {'bw': 0}, (0, 6): {'bw': 0}, (0, 7): {'bw': 44}}, 'path_level': {(0, 3): {}, (0, 4): {}, (0, 6): {}, (0, 7): {}}}",[],-inf,-inf,True,False,False,0,[],9.0,4.0
10,2,1,152.0,270.0,34473.8274086226,61354.9520776705,0.562962962962963,0.561875223453544,6,11,0,242.78899720561495,3022,1467,1555,0.03232189973614774,0.11092052601486568,1,205.78899720561495,37.0,2,1,False,{},{},{},{},0.0,0.0,0.0,0.0,0.0,0.0,0.0,0.0,0.0,0.0,0.0,0.0,0.0,0.0,Leave Event,0.0,"{'node_level': {}, 'link_level': {}, 'path_level': {}}","{'node_level': {}, 'link_level': {}, 'path_level': {}}","{'node_level': {}, 'link_level': {}, 'path_level': {}}",[],-inf,-inf,True,True,False,0,[],,
11,2,1,152.0,270.0,34473.8274086226,61354.9520776705,0.562962962962963,0.561875223453544,6,12,1,265.0,3022,1467,1555,0.03232189973614774,0.11092052601486568,10,567.9694653391647,265.0,8,14,False,"{3: 9, 6: 18, 4: 14, 7: 13, 1: 3, 0: 6, 2: 10, 5: 16}","{(0, 1): [(6, 3)], (0, 4): [(6, 7), (7, 19), (19, 8), (8, 18), (18, 14)], (0, 6): [(6, 7), (7, 19), (19, 8), (8, 18)], (0, 7): [(6, 7), (7, 19), (19, 8), (8, 18), (18, 9), (9, 13)], (1, 3): []}","{(3, 9): {'cpu': 18}, (6, 18): {'cpu': 18}, (4, 14): {'cpu': 17}, (7, 13): {'cpu': 17}, (1, 3): {'cpu': 7}, (0, 6): {'cpu': 3}, (2, 10): {'cpu': 3}, (5, 16): {'cpu': 1}}","{((0, 1), (6, 3)): {'bw': 29}, ((0, 4), (6, 7)): {'bw': 20}, ((0, 4), (7, 19)): {'bw': 20}, ((0, 4), (19, 8)): {'bw': 20}, ((0, 4), (8, 18)): {'bw': 20}, ((0, 4), (18, 14)): {'bw': 20}, ((0, 6), (6, 7)): {'bw': 2}, ((0, 6), (7, 19)): {'bw': 2}, ((0, 6), (19, 8)): {'bw': 2}, ((0, 6), (8, 18)): {'bw': 2}, ((0, 7), (6, 7)): {'bw': 5}, ((0, 7), (7, 19)): {'bw': 5}, ((0, 7), (19, 8)): {'bw': 5}, ((0, 7), (8, 18)): {'bw': 5}, ((0, 7), (18, 9)): {'bw': 5}, ((0, 7), (9, 13)): {'bw': 5}}",0.0,0.0,168.0,84.0,335.0,0.0,0.0,0.0,0.0,0.0,0.0,0.0,0.0,0.0,Route Failure,39.0,"{'node_level': {}, 'link_level': {}, 'path_level': {}}","{'node_level': {3: {'cpu': -82}, 6: {'cpu': -70}, 4: {'cpu': -69}, 7: {'cpu': -67}, 1: {'cpu': -76}, 0: {'cpu': -80}, 2: {'cpu': -77}, 5: {'cpu': -78}}, 'link_level': {(0, 1): {'bw': -49}, (0, 4): {'bw': -10}, (0, 6): {'bw': -14}, (0, 7): {'bw': -9}, (1, 3): {'bw': 28}}, 'path_level': {(0, 1): {}, (0, 4): {}, (0, 6): {}, (0, 7): {}, (1, 3): {}}}","{'node_level': {3: {'cpu': 0}, 6: {'cpu': 0}, 4: {'cpu': 0}, 7: {'cpu': 0}, 1: {'cpu': 0}, 0: {'cpu': 0}, 2: {'cpu': 0}, 5: {'cpu': 0}}, 'link_level': {(0, 1): {'bw': 0}, (0, 4): {'bw': 0}, (0, 6): {'bw': 0}, (0, 7): {'bw': 0}, (1, 3): {'bw': 39}}, 'path_level': {(0, 1): {}, (0, 4): {}, (0, 6): {}, (0, 7): {}, (1, 3): {}}}",[],-inf,-inf,True,False,False,0,[],8.0,5.0
12,2,1,152.0,270.0,34473.8274086226,61354.9520776705,0.562962962962963,0.561875223453544,6,13,1,293.0,3022,1467,1555,0.03232189973614774,0.11092052601486568,11,637.6138567280224,293.0,10,25,False,"{5: 9, 3: 18, 0: 14, 6: 13, 8: 3, 4: 6, 7: 10, 9: 16, 2: 12, 1: 2}","{(0, 1): [(14, 18), (18, 8), (8, 19), (19, 10), (10, 15), (15, 16), (16, 12), (12, 2)], (0, 3): []}","{(5, 9): {'cpu': 19}, (3, 18): {'cpu': 18}, (0, 14): {'cpu': 17}, (6, 13): {'cpu': 17}, (8, 3): {'cpu': 14}, (4, 6): {'cpu': 11}, (7, 10): {'cpu': 9}, (9, 16): {'cpu': 9}, (2, 12): {'cpu': 7}, (1, 2): {'cpu': 6}}","{((0, 1), (14, 18)): {'bw': 25}, ((0, 1), (18, 8)): {'bw': 25}, ((0, 1), (8, 19)): {'bw': 25}, ((0, 1), (19, 10)): {'bw': 25}, ((0, 1), (10, 15)): {'bw': 25}, ((0, 1), (15, 16)): {'bw': 25}, ((0, 1), (16, 12)): {'bw': 25}, ((0, 1), (12, 2)): {'bw': 25}}",0.0,0.0,254.0,127.0,637.0,0.0,0.0,0.0,0.0,0.0,0.0,0.0,0.0,0.0,Route Failure,45.0,"{'node_level': {}, 'link_level': {}, 'path_level': {}}","{'node_level': {5: {'cpu': -81}, 3: {'cpu': -70}, 0: {'cpu': -69}, 6: {'cpu': -67}, 8: {'cpu': -69}, 4: {'cpu': -72}, 7: {'cpu': -71}, 9: {'cpu': -70}, 2: {'cpu': -70}, 1: {'cpu': -70}}, 'link_level': {(0, 1): {'bw': -1}, (0, 3): {'bw': 45}}, 'path_level': {(0, 1): {}, (0, 3): {}}}","{'node_level': {5: {'cpu': 0}, 3: {'cpu': 0}, 0: {'cpu': 0}, 6: {'cpu': 0}, 8: {'cpu': 0}, 4: {'cpu': 0}, 7: {'cpu': 0}, 9: {'cpu': 0}, 2: {'cpu': 0}, 1: {'cpu': 0}}, 'link_level': {(0, 1): {'bw': 0}, (0, 3): {'bw': 45}}, 'path_level': {(0, 1): {}, (0, 3): {}}}",[],-inf,-inf,True,False,False,0,[],10.0,2.0
12,2,0,152.0,270.0,34473.8274086226,61354.9520776705,0.562962962962963,0.561875223453544,6,14,0,313.6240705889667,3265,1516,1749,0.0,0.0,3,229.62407058896667,84.0,5,5,False,{},{},{},{},0.0,0.0,0.0,0.0,0.0,0.0,0.0,0.0,0.0,0.0,0.0,0.0,0.0,0.0,Leave Event,0.0,"{'node_level': {}, 'link_level': {}, 'path_level': {}}","{'node_level': {}, 'link_level': {}, 'path_level': {}}","{'node_level': {}, 'link_level': {}, 'path_level': {}}",[],-inf,-inf,True,True,False,0,[],,
13,2,0,152.0,270.0,34473.8274086226,61354.9520776705,0.562962962962963,0.561875223453544,6,15,1,320.0,3265,1516,1749,0.0,0.0,12,436.1605985201903,320.0,10,24,False,"{3: 9, 2: 10, 9: 6, 1: 16, 5: 14, 8: 18, 0: 13, 6: 3, 4: 12, 7: 2}","{(0, 2): [(13, 9), (9, 18), (18, 8), (8, 19), (19, 10)], (0, 5): [(13, 9), (9, 18), (18, 14)], (0, 6): [(13, 9), (9, 18), (18, 8), (8, 19), (19, 7), (7, 6), (6, 3)], (0, 8): [(13, 9), (9, 18)], (0, 9): [(13, 9), (9, 18), (18, 8), (8, 19), (19, 7), (7, 6)], (1, 6): [(16, 3)], (1, 9): [(16, 3), (3, 6)], (2, 3): []}","{(3, 9): {'cpu': 20}, (2, 10): {'cpu': 17}, (9, 6): {'cpu': 14}, (1, 16): {'cpu': 13}, (5, 14): {'cpu': 11}, (8, 18): {'cpu': 10}, (0, 13): {'cpu': 7}, (6, 3): {'cpu': 4}, (4, 12): {'cpu': 0}, (7, 2): {'cpu': 0}}","{((0, 2), (13, 9)): {'bw': 22}, ((0, 2), (9, 18)): {'bw': 22}, ((0, 2), (18, 8)): {'bw': 22}, ((0, 2), (8, 19)): {'bw': 22}, ((0, 2), (19, 10)): {'bw': 22}, ((0, 5), (13, 9)): {'bw': 28}, ((0, 5), (9, 18)): {'bw': 28}, ((0, 5), (18, 14)): {'bw': 28}, ((0, 6), (13, 9)): {'bw': 20}, ((0, 6), (9, 18)): {'bw': 20}, ((0, 6), (18, 8)): {'bw': 20}, ((0, 6), (8, 19)): {'bw': 20}, ((0, 6), (19, 7)): {'bw': 20}, ((0, 6), (7, 6)): {'bw': 20}, ((0, 6), (6, 3)): {'bw': 20}, ((0, 8), (13, 9)): {'bw': 18}, ((0, 8), (9, 18)): {'bw': 18}, ((0, 9), (13, 9)): {'bw': 4}, ((0, 9), (9, 18)): {'bw': 4}, ((0, 9), (18, 8)): {'bw': 4}, ((0, 9), (8, 19)): {'bw': 4}, ((0, 9), (19, 7)): {'bw': 4}, ((0, 9), (7, 6)): {'bw': 4}, ((1, 6), (16, 3)): {'bw': 22}, ((1, 9), (16, 3)): {'bw': 35}, ((1, 9), (3, 6)): {'bw': 35}}",0.0,0.0,192.0,96.0,448.0,0.0,0.0,0.0,0.0,0.0,0.0,0.0,0.0,0.0,Route Failure,36.0,"{'node_level': {}, 'link_level': {}, 'path_level': {}}","{'node_level': {3: {'cpu': -80}, 2: {'cpu': -83}, 9: {'cpu': -83}, 1: {'cpu': -78}, 5: {'cpu': -78}, 8: {'cpu': -78}, 0: {'cpu': -77}, 6: {'cpu': -79}, 4: {'cpu': -77}, 7: {'cpu': -76}}, 'link_level': {(0, 2): {'bw': -39}, (0, 5): {'bw': -42}, (0, 6): {'bw': -19}, (0, 8): {'bw': -4}, (0, 9): {'bw': 0}, (1, 6): {'bw': -41}, (1, 9): {'bw': -6}, (2, 3): {'bw': 19}}, 'path_level': {(0, 2): {}, (0, 5): {}, (0, 6): {}, (0, 8): {}, (0, 9): {}, (1, 6): {}, (1, 9): {}, (2, 3): {}}}","{'node_level': {3: {'cpu': 0}, 2: {'cpu': 0}, 9: {'cpu': 0}, 1: {'cpu': 0}, 5: {'cpu': 0}, 8: {'cpu': 0}, 0: {'cpu': 0}, 6: {'cpu': 0}, 4: {'cpu': 0}, 7: {'cpu': 0}}, 'link_level': {(0, 2): {'bw': 0}, (0, 5): {'bw': 0}, (0, 6): {'bw': 0}, (0, 8): {'bw': 0}, (0, 9): {'bw': 0}, (1, 6): {'bw': 0}, (1, 9): {'bw': 0}, (2, 3): {'bw': 36}}, 'path_level': {(0, 2): {}, (0, 5): {}, (0, 6): {}, (0, 8): {}, (0, 9): {}, (1, 6): {}, (1, 9): {}, (2, 3): {}}}",[],-inf,-inf,True,False,False,0,[],10.0,8.0
14,2,0,152.0,270.0,34473.8274086226,61354.9520776705,0.562962962962963,0.561875223453544,6,16,1,347.0,3265,1516,1749,0.0,0.0,13,385.41733054957973,347.0,3,3,False,"{1: 9, 0: 10, 2: 6}","{(0, 1): [(10, 19), (19, 8), (8, 18), (18, 9)], (0, 2): [(10, 7), (7, 6)], (1, 2): []}","{(1, 9): {'cpu': 19}, (0, 10): {'cpu': 17}, (2, 6): {'cpu': 3}}","{((0, 1), (10, 19)): {'bw': 41}, ((0, 1), (19, 8)): {'bw': 41}, ((0, 1), (8, 18)): {'bw': 41}, ((0, 1), (18, 9)): {'bw': 41}, ((0, 2), (10, 7)): {'bw': 18}, ((0, 2), (7, 6)): {'bw': 18}}",0.0,0.0,78.0,39.0,93.0,0.0,0.0,0.0,0.0,0.0,0.0,0.0,0.0,0.0,Route Failure,14.0,"{'node_level': {}, 'link_level': {}, 'path_level': {}}","{'node_level': {1: {'cpu': -81}, 0: {'cpu': -83}, 2: {'cpu': -94}}, 'link_level': {(0, 1): {'bw': -20}, (0, 2): {'bw': -42}, (1, 2): {'bw': 14}}, 'path_level': {(0, 1): {}, (0, 2): {}, (1, 2): {}}}","{'node_level': {1: {'cpu': 0}, 0: {'cpu': 0}, 2: {'cpu': 0}}, 'link_level': {(0, 1): {'bw': 0}, (0, 2): {'bw': 0}, (1, 2): {'bw': 14}}, 'path_level': {(0, 1): {}, (0, 2): {}, (1, 2): {}}}",[],-inf,-inf,True,False,False,0,[],3.0,3.0
15,2,0,152.0,270.0,34473.8274086226,61354.9520776705,0.562962962962963,0.561875223453544,6,17,1,372.0,3265,1516,1749,0.0,0.0,14,710.6823481005537,372.0,8,14,False,"{0: 9, 2: 10, 7: 6, 3: 16, 1: 14, 6: 18, 5: 13, 4: 3}","{(0, 1): [(9, 18), (18, 14)], (0, 3): [(9, 18), (18, 8), (8, 19), (19, 10), (10, 15), (15, 16)], (0, 6): [(9, 18)], (0, 7): []}","{(0, 9): {'cpu': 19}, (2, 10): {'cpu': 18}, (7, 6): {'cpu': 16}, (3, 16): {'cpu': 13}, (1, 14): {'cpu': 11}, (6, 18): {'cpu': 10}, (5, 13): {'cpu': 6}, (4, 3): {'cpu': 1}}","{((0, 1), (9, 18)): {'bw': 30}, ((0, 1), (18, 14)): {'bw': 30}, ((0, 3), (9, 18)): {'bw': 16}, ((0, 3), (18, 8)): {'bw': 16}, ((0, 3), (8, 19)): {'bw': 16}, ((0, 3), (19, 10)): {'bw': 16}, ((0, 3), (10, 15)): {'bw': 16}, ((0, 3), (15, 16)): {'bw': 16}, ((0, 6), (9, 18)): {'bw': 26}}",0.0,0.0,188.0,94.0,368.0,0.0,0.0,0.0,0.0,0.0,0.0,0.0,0.0,0.0,Route Failure,15.0,"{'node_level': {}, 'link_level': {}, 'path_level': {}}","{'node_level': {0: {'cpu': -81}, 2: {'cpu': -82}, 7: {'cpu': -81}, 3: {'cpu': -78}, 1: {'cpu': -78}, 6: {'cpu': -78}, 5: {'cpu': -78}, 4: {'cpu': -82}}, 'link_level': {(0, 1): {'bw': -45}, (0, 3): {'bw': -36}, (0, 6): {'bw': -20}, (0, 7): {'bw': 15}}, 'path_level': {(0, 1): {}, (0, 3): {}, (0, 6): {}, (0, 7): {}}}","{'node_level': {0: {'cpu': 0}, 2: {'cpu': 0}, 7: {'cpu': 0}, 3: {'cpu': 0}, 1: {'cpu': 0}, 6: {'cpu': 0}, 5: {'cpu': 0}, 4: {'cpu': 0}}, 'link_level': {(0, 1): {'bw': 0}, (0, 3): {'bw': 0}, (0, 6): {'bw': 0}, (0, 7): {'bw': 15}}, 'path_level': {(0, 1): {}, (0, 3): {}, (0, 6): {}, (0, 7): {}}}",[],-inf,-inf,True,False,False,0,[],8.0,4.0
16,2,0,152.0,270.0,34473.8274086226,61354.9520776705,0.562962962962963,0.561875223453544,6,18,1,396.0,3265,1516,1749,0.0,0.0,15,55.97308074198142,396.0,9,12,False,"{8: 9, 6: 10, 1: 6, 2: 16, 3: 14, 0: 18, 7: 13, 5: 3, 4: 12}","{(0, 3): [(18, 14)], (0, 4): [(18, 8), (8, 19), (19, 10), (10, 15), (15, 16), (16, 12)], (0, 6): [(18, 8), (8, 19), (19, 10)], (0, 7): [(18, 9), (9, 13)], (0, 8): []}","{(8, 9): {'cpu': 20}, (6, 10): {'cpu': 17}, (1, 6): {'cpu': 16}, (2, 16): {'cpu': 15}, (3, 14): {'cpu': 8}, (0, 18): {'cpu': 7}, (7, 13): {'cpu': 7}, (5, 3): {'cpu': 6}, (4, 12): {'cpu': 3}}","{((0, 3), (18, 14)): {'bw': 25}, ((0, 4), (18, 8)): {'bw': 2}, ((0, 4), (8, 19)): {'bw': 2}, ((0, 4), (19, 10)): {'bw': 2}, ((0, 4), (10, 15)): {'bw': 2}, ((0, 4), (15, 16)): {'bw': 2}, ((0, 4), (16, 12)): {'bw': 2}, ((0, 6), (18, 8)): {'bw': 16}, ((0, 6), (8, 19)): {'bw': 16}, ((0, 6), (19, 10)): {'bw': 16}, ((0, 7), (18, 9)): {'bw': 50}, ((0, 7), (9, 13)): {'bw': 50}}",0.0,0.0,198.0,99.0,341.0,0.0,0.0,0.0,0.0,0.0,0.0,0.0,0.0,0.0,Route Failure,3.0,"{'node_level': {}, 'link_level': {}, 'path_level': {}}","{'node_level': {8: {'cpu': -80}, 6: {'cpu': -83}, 1: {'cpu': -81}, 2: {'cpu': -76}, 3: {'cpu': -81}, 0: {'cpu': -81}, 7: {'cpu': -77}, 5: {'cpu': -77}, 4: {'cpu': -74}}, 'link_level': {(0, 3): {'bw': -50}, (0, 4): {'bw': -50}, (0, 6): {'bw': -43}, (0, 7): {'bw': -42}, (0, 8): {'bw': 3}}, 'path_level': {(0, 3): {}, (0, 4): {}, (0, 6): {}, (0, 7): {}, (0, 8): {}}}","{'node_level': {8: {'cpu': 0}, 6: {'cpu': 0}, 1: {'cpu': 0}, 2: {'cpu': 0}, 3: {'cpu': 0}, 0: {'cpu': 0}, 7: {'cpu': 0}, 5: {'cpu': 0}, 4: {'cpu': 0}}, 'link_level': {(0, 3): {'bw': 0}, (0, 4): {'bw': 0}, (0, 6): {'bw': 0}, (0, 7): {'bw': 0}, (0, 8): {'bw': 3}}, 'path_level': {(0, 3): {}, (0, 4): {}, (0, 6): {}, (0, 7): {}, (0, 8): {}}}",[],-inf,-inf,True,False,False,0,[],9.0,5.0
17,2,0,152.0,270.0,34473.8274086226,61354.9520776705,0.562962962962963,0.561875223453544,6,19,1,419.0,3265,1516,1749,0.0,0.0,16,320.8473478012675,419.0,9,22,False,"{0: 9, 4: 10, 5: 6, 8: 16, 7: 14, 6: 18, 2: 13, 1: 3, 3: 12}","{(0, 1): [(9, 18), (18, 8), (8, 19), (19, 7), (7, 6), (6, 3)], (0, 2): [(9, 13)], (0, 4): [(9, 18), (18, 8), (8, 19), (19, 10)], (0, 5): []}","{(0, 9): {'cpu': 20}, (4, 10): {'cpu': 19}, (5, 6): {'cpu': 19}, (8, 16): {'cpu': 17}, (7, 14): {'cpu': 9}, (6, 18): {'cpu': 7}, (2, 13): {'cpu': 5}, (1, 3): {'cpu': 1}, (3, 12): {'cpu': 1}}","{((0, 1), (9, 18)): {'bw': 9}, ((0, 1), (18, 8)): {'bw': 9}, ((0, 1), (8, 19)): {'bw': 9}, ((0, 1), (19, 7)): {'bw': 9}, ((0, 1), (7, 6)): {'bw': 9}, ((0, 1), (6, 3)): {'bw': 9}, ((0, 2), (9, 13)): {'bw': 0}, ((0, 4), (9, 18)): {'bw': 19}, ((0, 4), (18, 8)): {'bw': 19}, ((0, 4), (8, 19)): {'bw': 19}, ((0, 4), (19, 10)): {'bw': 19}}",0.0,0.0,196.0,98.0,561.0,0.0,0.0,0.0,0.0,0.0,0.0,0.0,0.0,0.0,Route Failure,3.0,"{'node_level': {}, 'link_level': {}, 'path_level': {}}","{'node_level': {0: {'cpu': -80}, 4: {'cpu': -81}, 5: {'cpu': -78}, 8: {'cpu': -74}, 7: {'cpu': -80}, 6: {'cpu': -81}, 2: {'cpu': -79}, 1: {'cpu': -82}, 3: {'cpu': -76}}, 'link_level': {(0, 1): {'bw': -52}, (0, 2): {'bw': -100}, (0, 4): {'bw': -33}, (0, 5): {'bw': 3}}, 'path_level': {(0, 1): {}, (0, 2): {}, (0, 4): {}, (0, 5): {}}}","{'node_level': {0: {'cpu': 0}, 4: {'cpu': 0}, 5: {'cpu': 0}, 8: {'cpu': 0}, 7: {'cpu': 0}, 6: {'cpu': 0}, 2: {'cpu': 0}, 1: {'cpu': 0}, 3: {'cpu': 0}}, 'link_level': {(0, 1): {'bw': 0}, (0, 2): {'bw': 0}, (0, 4): {'bw': 0}, (0, 5): {'bw': 3}}, 'path_level': {(0, 1): {}, (0, 2): {}, (0, 4): {}, (0, 5): {}}}",[],-inf,-inf,True,False,False,0,[],9.0,4.0
17,2,0,152.0,270.0,34473.8274086226,61354.9520776705,0.562962962962963,0.561875223453544,6,20,0,451.97308074198145,3265,1516,1749,0.0,0.0,15,55.97308074198142,396.0,9,12,False,{},{},{},{},0.0,0.0,0.0,0.0,0.0,0.0,0.0,0.0,0.0,0.0,0.0,0.0,0.0,0.0,Leave Event,0.0,"{'node_level': {}, 'link_level': {}, 'path_level': {}}","{'node_level': {}, 'link_level': {}, 'path_level': {}}","{'node_level': {}, 'link_level': {}, 'path_level': {}}",[],-inf,-inf,True,True,False,0,[],,
18,2,0,152.0,270.0,34473.8274086226,61354.9520776705,0.562962962962963,0.561875223453544,6,21,1,452.0,3265,1516,1749,0.0,0.0,17,103.10164026774345,452.0,10,18,False,"{0: 9, 5: 10, 7: 6, 8: 16, 3: 14, 6: 18, 9: 13, 2: 3, 1: 12, 4: 2}","{(0, 1): [(9, 18), (18, 8), (8, 19), (19, 10), (10, 15), (15, 16), (16, 12)], (0, 3): [(9, 18), (18, 14)], (0, 6): []}","{(0, 9): {'cpu': 20}, (5, 10): {'cpu': 19}, (7, 6): {'cpu': 18}, (8, 16): {'cpu': 17}, (3, 14): {'cpu': 15}, (6, 18): {'cpu': 12}, (9, 13): {'cpu': 10}, (2, 3): {'cpu': 9}, (1, 12): {'cpu': 6}, (4, 2): {'cpu': 3}}","{((0, 1), (9, 18)): {'bw': 34}, ((0, 1), (18, 8)): {'bw': 34}, ((0, 1), (8, 19)): {'bw': 34}, ((0, 1), (19, 10)): {'bw': 34}, ((0, 1), (10, 15)): {'bw': 34}, ((0, 1), (15, 16)): {'bw': 34}, ((0, 1), (16, 12)): {'bw': 34}, ((0, 3), (9, 18)): {'bw': 33}, ((0, 3), (18, 14)): {'bw': 33}}",0.0,0.0,258.0,129.0,433.0,0.0,0.0,0.0,0.0,0.0,0.0,0.0,0.0,0.0,Route Failure,18.0,"{'node_level': {}, 'link_level': {}, 'path_level': {}}","{'node_level': {0: {'cpu': -80}, 5: {'cpu': -81}, 7: {'cpu': -79}, 8: {'cpu': -74}, 3: {'cpu': -74}, 6: {'cpu': -76}, 9: {'cpu': -74}, 2: {'cpu': -74}, 1: {'cpu': -71}, 4: {'cpu': -73}}, 'link_level': {(0, 1): {'bw': -18}, (0, 3): {'bw': -25}, (0, 6): {'bw': 18}}, 'path_level': {(0, 1): {}, (0, 3): {}, (0, 6): {}}}","{'node_level': {0: {'cpu': 0}, 5: {'cpu': 0}, 7: {'cpu': 0}, 8: {'cpu': 0}, 3: {'cpu': 0}, 6: {'cpu': 0}, 9: {'cpu': 0}, 2: {'cpu': 0}, 1: {'cpu': 0}, 4: {'cpu': 0}}, 'link_level': {(0, 1): {'bw': 0}, (0, 3): {'bw': 0}, (0, 6): {'bw': 18}}, 'path_level': {(0, 1): {}, (0, 3): {}, (0, 6): {}}}",[],-inf,-inf,True,False,False,0,[],10.0,3.0
19,3,1,211.0,473.0,73864.88776617838,196886.90551129467,0.44608879492600423,0.3751640444262101,6,22,1,478.0,3062,1511,1551,0.0032981530343008103,0.1132075471698113,18,667.6450908060302,478.0,3,2,True,"{1: 9, 0: 10, 2: 6}","{(0, 1): [(10, 19), (19, 8), (8, 18), (18, 9)], (0, 2): [(10, 7), (7, 6)]}","{(1, 9): {'cpu': 4}, (0, 10): {'cpu': 1}, (2, 6): {'cpu': 0}}","{((0, 1), (10, 19)): {'bw': 45}, ((0, 1), (19, 8)): {'bw': 45}, ((0, 1), (8, 18)): {'bw': 45}, ((0, 1), (18, 9)): {'bw': 45}, ((0, 2), (10, 7)): {'bw': 9}, ((0, 2), (7, 6)): {'bw': 9}}",203.0,59.0,10.0,5.0,54.0,5.0,54.0,5.0,198.0,144.0,0.29064039408866993,135531.95343362415,39391.06035755578,194.04463230323046,Success,0.0,"{'node_level': {}, 'link_level': {}, 'path_level': {}}","{'node_level': {1: {'cpu': -96}, 0: {'cpu': -99}, 2: {'cpu': -97}}, 'link_level': {(0, 1): {'bw': -16}, (0, 2): {'bw': -51}}, 'path_level': {(0, 1): {}, (0, 2): {}}}","{'node_level': {1: {'cpu': 0}, 0: {'cpu': 0}, 2: {'cpu': 0}}, 'link_level': {(0, 1): {'bw': 0}, (0, 2): {'bw': 0}}, 'path_level': {(0, 1): {}, (0, 2): {}}}",[],-inf,-inf,True,True,False,0,[],3.0,2.0
20,3,1,211.0,473.0,73864.88776617838,196886.90551129467,0.44608879492600423,0.3751640444262101,6,23,1,503.0,3062,1511,1551,0.0032981530343008103,0.1132075471698113,19,122.02424391054488,503.0,7,12,False,"{4: 10, 3: 6, 2: 9, 5: 16, 0: 14, 6: 18, 1: 13}","{(0, 2): [(14, 18), (18, 9)], (0, 3): []}","{(4, 10): {'cpu': 20}, (3, 6): {'cpu': 8}, (2, 9): {'cpu': 7}, (5, 16): {'cpu': 7}, (0, 14): {'cpu': 5}, (6, 18): {'cpu': 3}, (1, 13): {'cpu': 1}}","{((0, 2), (14, 18)): {'bw': 21}, ((0, 2), (18, 9)): {'bw': 21}}",0.0,0.0,102.0,51.0,242.0,0.0,0.0,0.0,0.0,0.0,0.0,0.0,0.0,0.0,Route Failure,11.0,"{'node_level': {}, 'link_level': {}, 'path_level': {}}","{'node_level': {4: {'cpu': -79}, 3: {'cpu': -89}, 2: {'cpu': -89}, 5: {'cpu': -84}, 0: {'cpu': -84}, 6: {'cpu': -85}, 1: {'cpu': -83}}, 'link_level': {(0, 2): {'bw': -26}, (0, 3): {'bw': 11}}, 'path_level': {(0, 2): {}, (0, 3): {}}}","{'node_level': {4: {'cpu': 0}, 3: {'cpu': 0}, 2: {'cpu': 0}, 5: {'cpu': 0}, 0: {'cpu': 0}, 6: {'cpu': 0}, 1: {'cpu': 0}}, 'link_level': {(0, 2): {'bw': 0}, (0, 3): {'bw': 11}}, 'path_level': {(0, 2): {}, (0, 3): {}}}",[],-inf,-inf,True,False,False,0,[],7.0,2.0
20,3,1,211.0,473.0,73864.88776617838,196886.90551129467,0.44608879492600423,0.3751640444262101,6,24,0,507.8545913312513,3062,1511,1551,0.0032981530343008103,0.1132075471698113,7,320.8545913312513,187.0,4,5,False,{},{},{},{},0.0,0.0,0.0,0.0,0.0,0.0,0.0,0.0,0.0,0.0,0.0,0.0,0.0,0.0,Leave Event,0.0,"{'node_level': {}, 'link_level': {}, 'path_level': {}}","{'node_level': {}, 'link_level': {}, 'path_level': {}}","{'node_level': {}, 'link_level': {}, 'path_level': {}}",[],-inf,-inf,True,True,False,0,[],,
20,3,1,211.0,473.0,73864.88776617838,196886.90551129467,0.44608879492600423,0.3751640444262101,6,25,0,555.1016402677435,3062,1511,1551,0.0032981530343008103,0.1132075471698113,17,103.10164026774345,452.0,10,18,False,{},{},{},{},0.0,0.0,0.0,0.0,0.0,0.0,0.0,0.0,0.0,0.0,0.0,0.0,0.0,0.0,Leave Event,0.0,"{'node_level': {}, 'link_level': {}, 'path_level': {}}","{'node_level': {}, 'link_level': {}, 'path_level': {}}","{'node_level': {}, 'link_level': {}, 'path_level': {}}",[],-inf,-inf,True,True,False,0,[],,
20,3,1,211.0,473.0,73864.88776617838,196886.90551129467,0.44608879492600423,0.3751640444262101,6,26,0,582.3062477503878,3062,1511,1551,0.0032981530343008103,0.1132075471698113,2,522.3062477503878,60.0,5,6,False,{},{},{},{},0.0,0.0,0.0,0.0,0.0,0.0,0.0,0.0,0.0,0.0,0.0,0.0,0.0,0.0,Leave Event,0.0,"{'node_level': {}, 'link_level': {}, 'path_level': {}}","{'node_level': {}, 'link_level': {}, 'path_level': {}}","{'node_level': {}, 'link_level': {}, 'path_level': {}}",[],-inf,-inf,True,True,False,0,[],,
20,3,1,211.0,473.0,73864.88776617838,196886.90551129467,0.44608879492600423,0.3751640444262101,6,27,0,605.4822096182083,3062,1511,1551,0.0032981530343008103,0.1132075471698113,9,367.4822096182083,238.0,9,22,False,{},{},{},{},0.0,0.0,0.0,0.0,0.0,0.0,0.0,0.0,0.0,0.0,0.0,0.0,0.0,0.0,Leave Event,0.0,"{'node_level': {}, 'link_level': {}, 'path_level': {}}","{'node_level': {}, 'link_level': {}, 'path_level': {}}","{'node_level': {}, 'link_level': {}, 'path_level': {}}",[],-inf,-inf,True,True,False,0,[],,
20,3,1,211.0,473.0,73864.88776617838,196886.90551129467,0.44608879492600423,0.3751640444262101,6,28,0,625.0242439105449,3062,1511,1551,0.0032981530343008103,0.1132075471698113,19,122.02424391054488,503.0,7,12,False,{},{},{},{},0.0,0.0,0.0,0.0,0.0,0.0,0.0,0.0,0.0,0.0,0.0,0.0,0.0,0.0,Leave Event,0.0,"{'node_level': {}, 'link_level': {}, 'path_level': {}}","{'node_level': {}, 'link_level': {}, 'path_level': {}}","{'node_level': {}, 'link_level': {}, 'path_level': {}}",[],-inf,-inf,True,True,False,0,[],,
20,3,1,211.0,473.0,73864.88776617838,196886.90551129467,0.44608879492600423,0.3751640444262101,6,29,0,732.4173305495797,3062,1511,1551,0.0032981530343008103,0.1132075471698113,13,385.41733054957973,347.0,3,3,False,{},{},{},{},0.0,0.0,0.0,0.0,0.0,0.0,0.0,0.0,0.0,0.0,0.0,0.0,0.0,0.0,Leave Event,0.0,"{'node_level': {}, 'link_level': {}, 'path_level': {}}","{'node_level': {}, 'link_level': {}, 'path_level': {}}","{'node_level': {}, 'link_level': {}, 'path_level': {}}",[],-inf,-inf,True,True,False,0,[],,
20,3,1,211.0,473.0,73864.88776617838,196886.90551129467,0.44608879492600423,0.3751640444262101,6,30,0,739.8473478012675,3062,1511,1551,0.0032981530343008103,0.1132075471698113,16,320.8473478012675,419.0,9,22,False,{},{},{},{},0.0,0.0,0.0,0.0,0.0,0.0,0.0,0.0,0.0,0.0,0.0,0.0,0.0,0.0,Leave Event,0.0,"{'node_level': {}, 'link_level': {}, 'path_level': {}}","{'node_level': {}, 'link_level': {}, 'path_level': {}}","{'node_level': {}, 'link_level': {}, 'path_level': {}}",[],-inf,-inf,True,True,False,0,[],,
20,3,1,211.0,473.0,73864.88776617838,196886.90551129467,0.44608879492600423,0.3751640444262101,6,31,0,756.1605985201903,3062,1511,1551,0.0032981530343008103,0.1132075471698113,12,436.1605985201903,320.0,10,24,False,{},{},{},{},0.0,0.0,0.0,0.0,0.0,0.0,0.0,0.0,0.0,0.0,0.0,0.0,0.0,0.0,Leave Event,0.0,"{'node_level': {}, 'link_level': {}, 'path_level': {}}","{'node_level': {}, 'link_level': {}, 'path_level': {}}","{'node_level': {}, 'link_level': {}, 'path_level': {}}",[],-inf,-inf,True,True,False,0,[],,
20,3,1,211.0,473.0,73864.88776617838,196886.90551129467,0.44608879492600423,0.3751640444262101,6,32,0,832.9694653391647,3062,1511,1551,0.0032981530343008103,0.1132075471698113,10,567.9694653391647,265.0,8,14,False,{},{},{},{},0.0,0.0,0.0,0.0,0.0,0.0,0.0,0.0,0.0,0.0,0.0,0.0,0.0,0.0,Leave Event,0.0,"{'node_level': {}, 'link_level': {}, 'path_level': {}}","{'node_level': {}, 'link_level': {}, 'path_level': {}}","{'node_level': {}, 'link_level': {}, 'path_level': {}}",[],-inf,-inf,True,True,False,0,[],,
20,3,1,211.0,473.0,73864.88776617838,196886.90551129467,0.44608879492600423,0.3751640444262101,6,33,0,922.1846159970765,3062,1511,1551,0.0032981530343008103,0.1132075471698113,0,904.1846159970765,18.0,7,8,False,{},{},{},{},0.0,0.0,0.0,0.0,0.0,0.0,0.0,0.0,0.0,0.0,0.0,0.0,0.0,0.0,Leave Event,0.0,"{'node_level': {}, 'link_level': {}, 'path_level': {}}","{'node_level': {}, 'link_level': {}, 'path_level': {}}","{'node_level': {}, 'link_level': {}, 'path_level': {}}",[],-inf,-inf,True,True,False,0,[],,
20,3,1,211.0,473.0,73864.88776617838,196886.90551129467,0.44608879492600423,0.3751640444262101,6,34,0,930.6138567280224,3062,1511,1551,0.0032981530343008103,0.1132075471698113,11,637.6138567280224,293.0,10,25,False,{},{},{},{},0.0,0.0,0.0,0.0,0.0,0.0,0.0,0.0,0.0,0.0,0.0,0.0,0.0,0.0,Leave Event,0.0,"{'node_level': {}, 'link_level': {}, 'path_level': {}}","{'node_level': {}, 'link_level': {}, 'path_level': {}}","{'node_level': {}, 'link_level': {}, 'path_level': {}}",[],-inf,-inf,True,True,False,0,[],,
20,3,1,211.0,473.0,73864.88776617838,196886.90551129467,0.44608879492600423,0.3751640444262101,6,35,0,1021.0010361407591,3062,1511,1551,0.0032981530343008103,0.1132075471698113,8,807.0010361407591,214.0,6,8,False,{},{},{},{},0.0,0.0,0.0,0.0,0.0,0.0,0.0,0.0,0.0,0.0,0.0,0.0,0.0,0.0,Leave Event,0.0,"{'node_level': {}, 'link_level': {}, 'path_level': {}}","{'node_level': {}, 'link_level': {}, 'path_level': {}}","{'node_level': {}, 'link_level': {}, 'path_level': {}}",[],-inf,-inf,True,True,False,0,[],,
20,3,1,211.0,473.0,73864.88776617838,196886.90551129467,0.44608879492600423,0.3751640444262101,6,36,0,1082.6823481005536,3062,1511,1551,0.0032981530343008103,0.1132075471698113,14,710.6823481005537,372.0,8,14,False,{},{},{},{},0.0,0.0,0.0,0.0,0.0,0.0,0.0,0.0,0.0,0.0,0.0,0.0,0.0,0.0,Leave Event,0.0,"{'node_level': {}, 'link_level': {}, 'path_level': {}}","{'node_level': {}, 'link_level': {}, 'path_level': {}}","{'node_level': {}, 'link_level': {}, 'path_level': {}}",[],-inf,-inf,True,True,False,0,[],,
20,3,0,211.0,473.0,73864.88776617838,196886.90551129467,0.44608879492600423,0.3751640444262101,6,37,0,1145.64509080603,3265,1516,1749,0.0,0.0,18,667.6450908060302,478.0,3,2,False,{},{},{},{},0.0,0.0,0.0,0.0,0.0,0.0,0.0,0.0,0.0,0.0,0.0,0.0,0.0,0.0,Leave Event,0.0,"{'node_level': {}, 'link_level': {}, 'path_level': {}}","{'node_level': {}, 'link_level': {}, 'path_level': {}}","{'node_level': {}, 'link_level': {}, 'path_level': {}}",[],-inf,-inf,True,True,False,0,[],,
20,3,0,211.0,473.0,73864.88776617838,196886.90551129467,0.44608879492600423,0.3751640444262101,6,38,0,1185.4461360180615,3265,1516,1749,0.0,0.0,6,1020.4461360180615,165.0,7,9,False,{},{},{},{},0.0,0.0,0.0,0.0,0.0,0.0,0.0,0.0,0.0,0.0,0.0,0.0,0.0,0.0,Leave Event,0.0,"{'node_level': {}, 'link_level': {}, 'path_level': {}}","{'node_level': {}, 'link_level': {}, 'path_level': {}}","{'node_level': {}, 'link_level': {}, 'path_level': {}}",[],-inf,-inf,True,True,False,0,[],,
20,3,0,211.0,473.0,73864.88776617838,196886.90551129467,0.44608879492600423,0.3751640444262101,6,39,0,1692.085018411753,3265,1516,1749,0.0,0.0,4,1575.085018411753,117.0,9,10,False,{},{},{},{},0.0,0.0,0.0,0.0,0.0,0.0,0.0,0.0,0.0,0.0,0.0,0.0,0.0,0.0,Leave Event,0.0,"{'node_level': {}, 'link_level': {}, 'path_level': {}}","{'node_level': {}, 'link_level': {}, 'path_level': {}}","{'node_level': {}, 'link_level': {}, 'path_level': {}}",[],-inf,-inf,True,True,False,0,[],,
